address_id,phone,email
1,832180246,Desiree.Murray@hotmail.com
2,896305897,Kimberly.Schwartz@hotmail.com
3,313057135,Meghan.Schroeder@gmail.com
4,596830825,Erica.Garcia@gmail.com
5,679663759,Julie.Vasquez@yahoo.com
6,480082534,Nancy.Gonzales@gmail.com
7,453451442,Yolanda.Anderson@gmail.com
8,191187785,Jody.Clark@gmail.com
9,895354438,Nancy.Barber@yahoo.com
10,210479511,Rachel.Williams@gmail.com
11,035030161,Carolyn.White@hotmail.com
12,087367216,Jeffrey.Cruz@yahoo.com
13,814762027,Amanda.Butler@gmail.com
14,069795627,Daniel.Jones@yahoo.com
15,037095051,Elizabeth.Steele@yahoo.com
16,737995436,Joel.Stokes@gmail.com
17,406381220,Kelly.Anderson@gmail.com
18,677009671,Joseph.Thompson@gmail.com
19,974747520,Alexander.Haley@hotmail.com
20,642954501,Preston.Gonzales@yahoo.com
21,945898010,Nicole.Garcia@hotmail.com
22,961820617,Linda.Haynes@yahoo.com
23,903498679,Cindy.Smith@gmail.com
24,936250787,Jason.Tucker@yahoo.com
25,208774208,Sean.Garcia@yahoo.com
26,286413161,Sean.Marshall@gmail.com
27,352970743,Joy.Jacobs@hotmail.com
28,484120977,Janice.Anderson@hotmail.com
29,349481386,Maria.Rivera@yahoo.com
30,409892502,Ann.Smith@yahoo.com
31,385576675,Troy.Cox@gmail.com
32,720421813,Heather.Hull@gmail.com
33,917809173,Laura.Smith@yahoo.com
34,533324784,Brittany.Glover@hotmail.com
35,905143371,Christopher.Barnes@gmail.com
36,321091659,Renee.Campbell@gmail.com
37,622022674,Sophia.Farrell@gmail.com
38,761549364,Seth.Ramirez@hotmail.com
39,510606239,Brian.Martinez@hotmail.com
40,407405450,Jessica.Mendoza@hotmail.com
41,271488498,David.Henry@hotmail.com
42,477367034,Karen.Jones@hotmail.com
43,878831240,Elizabeth.Fuller@yahoo.com
44,148623106,Marcia.Hughes@gmail.com
45,534677699,Joanna.King@hotmail.com
46,475819609,Michele.Trevino@yahoo.com
47,768504248,Andrea.Johnson@yahoo.com
48,602048677,Ricky.Snow@gmail.com
49,157413100,Jason.Rowe@hotmail.com
50,281535977,Lisa.Lang@gmail.com
