client_id,first_name,last_name
1,Jeffrey,Williams
2,Jennifer,Brown
3,James,Burke
4,Debbie,Allen
5,Brian,Gilbert
6,Bobby,King
7,Matthew,Miller
8,Amber,Torres
9,Jacqueline,Wilson
10,Aaron,Diaz
11,Dylan,Ponce
12,Brittany,Leonard
13,Veronica,Richards
14,Amanda,Cabrera
15,Kathleen,Moore
16,Eric,Lewis
17,Stacey,Key
18,Andrea,Mckay
19,Deborah,Benson
20,Keith,Crawford
21,Joshua,Harris
22,Jessica,Clark
23,Rebecca,Turner
24,John,Harrison
25,Andrew,Fox
26,Jeff,Davis
27,Courtney,Lam
28,Joseph,Carrillo
29,Helen,Fischer
30,Douglas,Torres
31,Kiara,Thomas
32,William,Whitney
33,William,Sanders
34,Tony,Burnett
35,Brian,French
36,Zachary,Rodriguez
37,Darius,White
38,Donna,Griffin
39,Jack,Hays
40,David,Griffin
41,Wyatt,Robertson
42,John,Miles
43,Annette,Robbins
44,Charles,Wright
45,Amy,Kim
46,Daniel,Long
47,Michael,Ross
48,Billy,Washington
49,Monica,Cox
50,Amber,Meadows
