client_contact_id,phone,email
1,539.434.9790x2635,jonathandunn@example.net
2,385.365.5115x2225,mporter@example.org
3,855.571.8830x021,jennifer77@example.com
4,001-203-592-7517,angelamelendez@example.com
5,(856)508-4755x7502,fernandezjonathan@example.net
6,+1-291-834-0697x555,uhendrix@example.org
7,(506)814-0059x28955,susanblack@example.com
8,701-792-4876,laura93@example.com
9,+1-761-397-3530,ruizleah@example.org
10,362-739-4191x709,acevedoscott@example.net
11,3752072149,lisaevans@example.com
12,001-309-957-3915x2597,smithheidi@example.com
13,(398)930-5006,thompsonjanet@example.net
14,578-218-0517x3954,stephanie23@example.com
15,(225)300-8563,barkerbridget@example.net
16,3379246507,greenejason@example.org
17,2247564084,chelsea67@example.net
18,3203076205,johnsonstacey@example.com
19,259.409.5445x02826,martinkelly@example.org
20,001-668-789-9875x3951,banksmichelle@example.org
21,690.344.3461,vcummings@example.org
22,+1-950-500-1698x9682,michele55@example.net
23,+1-760-774-2274,matachristopher@example.com
24,+1-314-588-1928x82272,michael38@example.org
25,415.624.7688,qwalker@example.org
26,+1-266-598-6273x3100,dillonrichardson@example.com
27,001-687-957-8472x6782,frank67@example.org
28,582-276-7863x675,samanthadavis@example.com
29,001-883-381-2039x817,kylemaxwell@example.net
30,+1-698-644-3351,wendydavis@example.net
31,932-632-4347x699,joeli@example.com
32,821-561-8565x56510,josephross@example.com
33,(382)649-2451x59937,ymanning@example.net
34,(476)723-6020,jennifer56@example.net
35,+1-429-438-4410x76496,timothy15@example.net
36,+1-716-959-4348x71697,rgutierrez@example.org
37,001-618-744-9668x699,austincraig@example.org
38,+1-935-389-9681x67928,vpearson@example.org
39,8364759477,nicholas81@example.net
40,(206)538-7051x60923,rachael83@example.org
41,(627)492-8307,bradleystephanie@example.net
42,+1-994-919-7489x864,millerchristopher@example.org
43,493-787-1590,zacharytodd@example.com
44,+1-755-795-3432x82209,whiteaustin@example.com
45,535.328.2585,cpitts@example.org
46,8065955462,walkerjennifer@example.com
47,+1-831-704-1186,andersonmichael@example.net
48,(231)794-5873x78137,jennifer65@example.org
49,+1-768-737-2222x5718,millermichelle@example.org
50,+1-770-770-9767x00824,lowedale@example.net
