client_id,first_name,last_name,address_id,emergency_contact_id
1,Morgan,Cole,1,1
2,Shaun,Arnold,2,2
3,Dylan,Townsend,3,3
4,John,Clark,4,4
5,Michelle,White,5,5
6,Christopher,Henry,6,6
7,Christine,Cummings,7,7
8,Scott,Wiley,8,8
9,Candace,Page,9,9
10,Kevin,Lynn,10,10
11,Danny,Gibbs,11,11
12,Linda,Stuart,12,12
13,Traci,Williams,13,13
14,Mary,Davenport,14,14
15,Amy,Baker,15,15
16,Brittany,Lopez,16,16
17,Michael,Mata,17,17
18,Scott,Hart,18,18
19,Benjamin,Williams,19,19
20,Holly,Johnson,20,20
21,Anthony,Ibarra,21,21
22,Kenneth,Jackson,22,22
23,Matthew,White,23,23
24,Anthony,Wilson,24,24
25,Thomas,Hernandez,25,25
26,Christopher,Robinson,26,26
27,Nicholas,Howard,27,27
28,Kimberly,Brown,28,28
29,Richard,Fitzgerald,29,29
30,Paul,Allen,30,30
31,David,Hester,31,31
32,Gregory,Butler,32,32
33,Samuel,Wheeler,33,33
34,Pamela,Perez,34,34
35,Angela,Jones,35,35
36,Jennifer,Anderson,36,36
37,Amanda,Good,37,37
38,Sandra,Martin,38,38
39,Todd,Thompson,39,39
40,Emily,Clark,40,40
41,Whitney,Joyce,41,41
42,Wyatt,Carrillo,42,42
43,Jamie,Collins,43,43
44,Deborah,Bennett,44,44
45,Paula,Hamilton,45,45
46,Kelly,Lewis,46,46
47,Kaitlin,Stewart,47,47
48,Carla,Duran,48,48
49,Matthew,Wright,49,49
50,Melissa,Pruitt,50,50
