client_id,first_name,last_name,client_contact_id,emergency_contact_id
1,Margaret,Caldwell,1,1
2,Chad,Campbell,2,2
3,Shannon,Thornton,3,3
4,Sarah,Warren,4,4
5,Arthur,Hale,5,5
6,Lucas,Lynch,6,6
7,Kimberly,Davis,7,7
8,James,Edwards,8,8
9,Steven,Stewart,9,9
10,Yolanda,Bartlett,10,10
11,Dana,Frazier,11,11
12,Amy,Johnson,12,12
13,Nicholas,Hardy,13,13
14,Diana,Benton,14,14
15,Gary,Jordan,15,15
16,Eric,Guzman,16,16
17,Amy,Fernandez,17,17
18,Gary,Jacobs,18,18
19,Kayla,Patterson,19,19
20,Connie,Pearson,20,20
21,Sarah,Jackson,21,21
22,Bob,Daniel,22,22
23,Sara,White,23,23
24,James,Greene,24,24
25,Lawrence,Barr,25,25
26,Christopher,Jones,26,26
27,Michael,Brooks,27,27
28,Ashley,Pollard,28,28
29,John,Green,29,29
30,Elizabeth,Alvarez,30,30
31,Brittany,Solis,31,31
32,Eric,Collins,32,32
33,Kelly,Fernandez,33,33
34,Ashley,Jones,34,34
35,Carlos,Valentine,35,35
36,Blake,Smith,36,36
37,Brianna,Ford,37,37
38,Carolyn,Jones,38,38
39,Tracy,Rios,39,39
40,Tara,Steele,40,40
41,Terri,Simon,41,41
42,Patrick,Mercer,42,42
43,Cynthia,Lewis,43,43
44,Julia,Hahn,44,44
45,Megan,Archer,45,45
46,Jennifer,Adams,46,46
47,Brandon,Ashley,47,47
48,Joseph,Walsh,48,48
49,Heather,Hernandez,49,49
50,Christine,Fields,50,50
