emergency_contact_id,phone,email
1,210.903.5299x67134,lisa25@example.net
2,427-453-1454,kimberlyhammond@example.com
3,780.239.9250,john74@example.net
4,+1-328-777-9048x50507,proy@example.com
5,(579)745-3888,jessicacampbell@example.net
6,900.706.5383x01779,amymorrison@example.com
7,763.397.4643,edwardbrooks@example.net
8,001-380-395-8547x75785,sandovalstephen@example.net
9,648.340.2890x4304,kristengardner@example.net
10,2117912660,codyblackwell@example.net
11,(331)315-7988x7710,gmeyer@example.net
12,911-400-5091x07581,darrell25@example.org
13,001-298-871-8439x4323,angelawilson@example.net
14,957-738-9012x969,flynncarlos@example.com
15,001-333-326-0063x4246,coleeduardo@example.com
16,+1-952-471-2239x369,johnsoncody@example.com
17,001-942-677-1601x129,eric48@example.com
18,(661)405-0216x11975,melinda13@example.net
19,(381)553-8663,taylorpalmer@example.com
20,584-344-0321x4391,cheryl30@example.org
21,452-332-3991,garnerjessica@example.com
22,(745)476-1326,toddwalters@example.net
23,7527184346,leslie54@example.net
24,(874)833-9836x2932,rparrish@example.org
25,(452)727-9557x640,bcoleman@example.net
26,919-971-8995x9809,charlesball@example.net
27,985.329.6132,nicolemartinez@example.net
28,309-839-1729,bentleymarcus@example.net
29,001-515-642-9101x8523,fergusonsamantha@example.com
30,001-856-391-3800x517,owilliams@example.com
31,226-979-7935,padillachase@example.com
32,+1-335-571-6645x94013,gadams@example.org
33,(647)545-7612,porterashley@example.org
34,809.927.3317x5305,drogers@example.net
35,553.718.3385,joseph80@example.net
36,856.379.7089x89296,david52@example.net
37,(373)552-2107,robincalhoun@example.org
38,001-809-513-1875x3878,jose71@example.com
39,+1-619-439-7154,dawnryan@example.org
40,7426856180,kristina66@example.net
41,+1-961-919-2385x659,mccarthyandrew@example.com
42,+1-305-941-7079x10428,mthomas@example.net
43,334-895-6879,martinezallison@example.net
44,+1-619-414-5143,drobinson@example.net
45,225.377.5758x97618,fjordan@example.org
46,(968)951-7435x6153,jason95@example.org
47,752-810-3346x19216,ahernandez@example.com
48,(605)238-0284x705,hrollins@example.com
49,+1-338-955-4498,mhumphrey@example.org
50,446-834-9720x7740,lesliesanders@example.net
