client_id,first_name,last_name,client_contact_id,emergency_contact_id
1,Rachel,Miller,1,1
2,Jennifer,Glover,2,2
3,Robert,Jones,3,3
4,Joshua,Greene,4,4
5,Brittany,Reynolds,5,5
6,Albert,Scott,6,6
7,Ashley,Baker,7,7
8,Sandra,Alexander,8,8
9,Danielle,Houston,9,9
10,Eric,Valenzuela,10,10
11,Rita,Singh,11,11
12,Ellen,Morris,12,12
13,Timothy,Brown,13,13
14,Christina,Day,14,14
15,Tammy,Castillo,15,15
16,Rachel,Fernandez,16,16
17,Connie,Turner,17,17
18,Mary,Harrison,18,18
19,Andrea,Moody,19,19
20,Kevin,Gonzalez,20,20
21,William,Hodges,21,21
22,Kathleen,Bernard,22,22
23,Amy,Campbell,23,23
24,Mitchell,Jimenez,24,24
25,Ryan,Krause,25,25
26,Thomas,Curtis,26,26
27,Stacy,Dodson,27,27
28,Nicholas,Johnson,28,28
29,Lisa,Mathews,29,29
30,Michelle,Glenn,30,30
31,Amy,Smith,31,31
32,Amy,Smith,32,32
33,Michelle,Castro,33,33
34,Paul,Meadows,34,34
35,Robert,Aguirre,35,35
36,Eddie,Ballard,36,36
37,John,Coleman,37,37
38,Michael,Reid,38,38
39,Kathleen,Sharp,39,39
40,Ian,Wiggins,40,40
41,Alyssa,Chambers,41,41
42,Tammy,Clark,42,42
43,Mary,Juarez,43,43
44,Gregg,Johnson,44,44
45,Brian,Perkins,45,45
46,Christopher,Taylor,46,46
47,Joseph,Young,47,47
48,Willie,Lawrence,48,48
49,Rebekah,Crawford,49,49
50,Danielle,Johnston,50,50
