client_contact_id,phone,email
1,655.411.7390,orozcoheidi@example.org
2,001-977-591-8993x299,bmoore@example.org
3,+1-688-308-0019x38825,psmith@example.net
4,431.721.7437x796,qbush@example.com
5,562.260.4665,grantnielsen@example.net
6,559.877.0995x7895,matthewcastro@example.com
7,583-258-3677x82746,ophillips@example.org
8,634.854.1816,andrew16@example.net
9,629.575.6907x24956,davistracy@example.org
10,001-465-984-2160x97420,kenneth21@example.com
11,(896)528-4200,pughbrad@example.net
12,001-809-322-3161,carolyn13@example.net
13,(512)942-2118x84725,jacobsgabriel@example.net
14,896.760.0984x4457,brian30@example.com
15,(593)989-5276x2189,amber24@example.net
16,+1-608-608-4641x70822,kvang@example.com
17,601.381.7940x359,wrivera@example.org
18,492-646-6003x878,lfoley@example.net
19,001-817-935-8718,johnmills@example.com
20,3024632317,gmolina@example.net
21,+1-669-996-4073x525,opatterson@example.com
22,+1-708-979-2469x918,amy43@example.net
23,946-267-5779x200,awhitehead@example.org
24,(992)235-3610,ashleyking@example.net
25,+1-640-741-7864x01893,maria94@example.com
26,629.924.9463,lewissteven@example.com
27,449-227-4942x278,michaelbecker@example.org
28,417.274.7735x6618,leslie51@example.com
29,359.435.2508x53048,nanderson@example.net
30,001-451-693-3868x729,pmiller@example.net
31,+1-472-718-2468x3839,sean89@example.com
32,316-864-7821x38421,etyler@example.net
33,+1-376-277-8793x77745,lindseypeterson@example.org
34,(323)254-0237,andrew80@example.net
35,+1-473-454-7483x782,florescasey@example.com
36,272.464.6131x09203,rachaellynch@example.org
37,835-701-0321,jamesmark@example.com
38,765-317-3707,asoto@example.org
39,678-488-7782x545,sanchezadam@example.com
40,781.703.6722x2945,jennifermurray@example.com
41,001-678-813-6938x791,kyle65@example.org
42,772.831.7206,sandra47@example.org
43,(248)962-0718,vjohnson@example.org
44,001-383-458-2946,brownkimberly@example.net
45,(934)218-9907x28833,imalone@example.org
46,+1-505-483-3528x67978,nicholas76@example.org
47,689.927.2538,ndavis@example.org
48,222-807-3726x19822,barry64@example.com
49,9684473463,walkertiffany@example.org
50,(209)925-4140,tammysanchez@example.org
