emergency_contact_id,phone,email
1,(970)222-2592x4967,iwilson@example.org
2,+1-793-975-8713x606,buckleymary@example.org
3,001-495-264-3883x78306,isaac42@example.net
4,001-817-742-8549x539,fholmes@example.org
5,+1-606-923-4128x865,vjordan@example.org
6,(768)535-7900,amy03@example.com
7,001-329-540-1704x3491,brandi37@example.org
8,(928)679-7493x8156,garciajohn@example.com
9,001-374-913-0897x07912,cassandraschaefer@example.org
10,001-974-595-4720x98547,james24@example.org
11,703.282.1926x93049,martinjennifer@example.net
12,+1-735-219-9557x316,thomasaguirre@example.com
13,667-746-2744x745,michaela31@example.com
14,001-402-953-2653x516,danabaker@example.com
15,(686)560-8427,greenchristopher@example.com
16,933.781.0374,manuelwilliams@example.com
17,2686959452,nicholaszimmerman@example.net
18,864.359.3667x6358,brewerjessica@example.com
19,001-461-665-8674x726,amberfrederick@example.net
20,9585452206,gscott@example.net
21,001-982-539-3784x013,fbranch@example.org
22,001-445-371-6589x6926,nunezstephanie@example.org
23,692-261-7338x6482,marthabrown@example.org
24,001-652-318-2801x33596,tcrawford@example.com
25,989-643-8194,ggonzalez@example.com
26,370-460-8111x9730,peggymontgomery@example.net
27,001-951-266-9614x0230,wpayne@example.com
28,425-308-5350x1073,kaylathompson@example.com
29,7784554696,sawyergary@example.org
30,001-579-508-5412x964,tramirez@example.org
31,407.470.1961,hhull@example.org
32,+1-636-976-8906x332,dustinwelch@example.org
33,(690)306-3789,william98@example.net
34,(866)735-6155x720,johnnyandrews@example.org
35,001-801-269-6026x674,robertaustin@example.net
36,+1-747-663-0280x73964,derekwatkins@example.org
37,431-403-2491,jasonhill@example.org
38,001-357-653-8918,bethany84@example.com
39,+1-656-745-4442x543,rhale@example.org
40,580-329-7882x159,uthomas@example.com
41,963-830-6861,jmack@example.net
42,907-443-8230,william07@example.org
43,(374)895-2974x58383,jennifergarza@example.net
44,217.424.5638x3731,erikgordon@example.net
45,001-704-474-8079,john52@example.net
46,541-929-8949,higginstony@example.com
47,+1-419-508-8624x926,bscott@example.com
48,+1-221-276-0125x103,christine28@example.org
49,335-380-9500,samanthawade@example.net
50,756-942-1020x57634,ashleywaller@example.net
